Workbook

Sheet CCRO표지
A1: CCRO System Flow Diagram
J3: PF Cycle | N3: CC Cycle
B5: Feed Water | F5: CCRO | J5: Feed Ratio | K5: 110 | L5: % | N5: Conc.Recycle | O5: 4.54 | P5: ㎥/h/pv | T5: =C7 -> 10
J6: Recovery | K6: 10 | L6: % | N6: Recovery | O6: =(O9/O8)*100 -> 68.480182 | P6: %
B7: Q : | C7: 10 | D7: ㎥/h | F7: Recovery | G7: 85 | H7: % | J7: Feed Flow | K7: =V9 -> 10.85 | L7: ㎥/h | N7: Feed Flow | O7: =V10 -> 9.8636364 | P7: ㎥/h | T7: =IF(K5>=101,((C7*G7%)/10),0) -> 0.85 | U7: =K5 -> 110 | V7: =(U7-100)/10 -> 1
B8: TDS : | C8: =유입원수성상!I19 -> 579.276 | D8: mg/L | F8: Permeate | G8: =C7*G7/100 -> 8.5 | H8: ㎥/h | J8: Permeate Flow | K8: =K7*K6% -> 1.085 | L8: ㎥/h | N8: Blend Feed Flow | O8: =O10+O7 -> 14.403636 | P8: ㎥/h/pv | V8: =T7*V7 -> 0.85
B9: E.C : | C9: =C8*1.7 -> 984.7692 | D9: ㎲/cm | F9: Concentrate | G9: =C7-G8 -> 1.5 | H9: ㎥/h | J9: Concentrate Flow | K9: =K7-K8 -> 9.765 | L9: ㎥/h | N9: Permeate Flow | O9: =O7 -> 9.8636364 | P9: ㎥/h | V9: =(T5+V8) -> 10.85
F10: Flux | G10: =(G8*1000)/H24 -> 76.244398 | H10: LMH | J10: Flux | K10: =(K8*1000)/H24 -> 9.7323732 | L10: LMH | N10: Concetrate Flow | O10: =O5 -> 4.54 | P10: ㎥/h/pv | V10: =V9/K5% -> 9.8636364
J11: Cycle | K11: 1 | L11: 회 | N11: Flux | O11: =(O9*1000)/H24 -> 88.47612 | P11: LMH
J12: Duration | L12: min | N12: Cycle | P12: 회
N13: Duration | P13: min
A17: R/O membrane Element source | F17: CCRO Stages | K17: System Volume
A18: Model | C18: Suez AG8040F 400 FR | F18: Vessel | H18: 1 | J18: EA | K18: =(((3.14*(C26/100)*(C26/100)/4)*(C27/100))*H22)*H18 -> 0.13172578 | L18: ㎥
A19: permeate Flow gpd | C19: 11000 | D19: gpd | F19: Element / Vessel | H19: 3 | J19: EA | K19: 0.02 | L19: ㎥/Ele
C20: =C19*0.003785 -> 41.635 | D20: ㎥/day | F20: Total Element | H20: =H18*H19 -> 3 | J20: EA
A21: membrane area | C21: 400 | F21: spacer | H21: 1 | J21: EA | K21: =((3.14*((C26/100)*(C26/100)))/4)*(C27/100) -> 0.032931444 | L21: ㎥/space
C22: =C21*0.092903 -> 37.1612 | D22: ㎡ | F22: Vessel Size | H22: =H20+H21 -> 4 | J22: Els
A23: pressure | B23: operating | C23: 225 | D23: psi | F23: System Volume | H23: =K18-((((3.14*(C26/100)*(C26/100))/4)*(C27/100))*H20)+(K21*H21) -> 0.065862888 | J23: ㎥
B24: max | C24: 600 | D24: psi | F24: Activ Area | H24: =C22*H20 -> 111.4836 | J24: ㎥
A25: Diameter | C25: 8 | D25: inch
C26: =C25*2.54 -> 20.32 | D26: cm
A27: Length | C27: 101.6 | D27: cm
A28: Recovery | C28: 15 | D28: %

Sheet 유입원수성상
A1: R/O전단 유입원수 성상
A3: Cation(양이온)
A4: 항목 | B4: mg/L | C4: at CaCO3 | D4: meq/L
A5: NH4 | B5: 3 | C5: =B5*2.774 -> 8.322 | D5: =B5*0.055 -> 0.165
A6: K | B6: 3 | C6: =B6*1.28 -> 3.84 | D6: =B6*0.026 -> 0.078
A7: Na | B7: 3 | C7: =B7*2.177 -> 6.531 | D7: =B7*0.043 -> 0.129
A8: Mg | B8: 1 | C8: =B8*4.118 -> 4.118 | D8: =B8*0.082 -> 0.082
A9: Ca | B9: 1 | C9: =B9*2.497 -> 2.497 | D9: =B9*0.05 -> 0.05 | F9: Neutrals | I9: CO2값 HCO2 자동계산 값이 높을수록 오차 증가
A10: Sr | B10: 1 | C10: =B10*1.142 -> 1.142 | D10: =B10*0.023 -> 0.023 | F10: 항목 | G10: mg/L
A11: Ba | B11: 1 | C11: =B11*0.729 -> 0.729 | D11: =B11*0.015 -> 0.015 | F11: SiO2
F12: B
A13: ToTal | B13: =SUM(B5:B11) -> 13 | C13: =SUM(C5:C11) -> 27.179 | D13: =SUM(D5:D11) -> 0.542 | F13: CO2 | G13: =B18*0.17*0.9*0.8*0.98 -> 59.976
A15: Anion(양이온) | F15: ToTal | G15: =SUM(G11:G13) -> 59.976
A16: 항목 | B16: mg/L | C16: at CaCO3 | D16: meq/L
A17: CO2 | B17: =B18*0.0006 -> 0.3 | C17: =B17*1.668 -> 0.5004 | D17: =B17*0.033 -> 0.0099
A18: HCO2 | B18: 500 | C18: =B18*0.82 -> 410 | D18: =B18*0.016 -> 8
A19: NO2 | B19: 1 | C19: =B19*0.807 -> 0.807 | D19: =B19*0.016 -> 0.016 | H19: TDS | I19: =B13+B26+G15 -> 579.276 | J19: mg/L
A20: Cl | B20: 1 | C20: =B20*1.412 -> 1.412 | D20: =B20*0.028 -> 0.028 | H20: EC | I20: =I19*1.7 -> 984.7692 | J20: ㎲/㎠
A21: F | B21: 1 | C21: =B21*2.634 -> 2.634 | D21: =B21*0.053 -> 0.053
A22: SO4 | B22: 1 | C22: =B22*1.042 -> 1.042 | D22: =B22*0.021 -> 0.021
A23: PO4 | B23: 1 | C23: =B23*1.581 -> 1.581 | D23: =B23*0.032 -> 0.032
A24: Br | B24: 1 | C24: =B24*0.626 -> 0.626 | D24: =B24*0.013 -> 0.013
A26: Total | B26: =SUM(B17:B24) -> 506.3 | C26: =SUM(C17:C24) -> 418.6024 | D26: =SUM(D17:D24) -> 8.1729

Sheet PF,CC
D1: (-)
D2: =CCRO표지!C18 -> Suez AG8040F 400 FR
B4: stage | C4: element | D4: element name | E4: Recovery | F4: Feed Flow | G4: Feed press | H4: feed TDS | I4: Conc Flow | J4: Perm Flow | K4: Perm Flux | L4: Perm TDS
E5: ( % ) | F5: ( ㎥/h ) | G5: ( Bar ) | H5: ( mg/L ) | I5: ( ㎥/h ) | J5: ( ㎥/h ) | K5: ( LMH ) | L5: ( mg/L ) | N5: =CCRO표지!K6 -> 10
A6: PF | B6: =IF(CCRO표지!H19>=1,A6,A7) -> PF | C6: =IF(CCRO표지!H19>=1,1,A7) -> 1 | D6: =IF(CCRO표지!H19>=1,D2,D1) -> Suez AG8040F 400 FR | F6: =CCRO표지!K7 -> 10.85 | H6: =CCRO표지!C8 -> 579.276 | I6: =CCRO표지!K9 -> 9.765 | N6: =H6 -> 579.276
A7: (-) | B7: =IF(CCRO표지!H19>=2,A6,A7) -> PF | C7: =IF(CCRO표지!H19>=2,2,A7) -> 2 | D7: =IF(CCRO표지!H19>=2,D2,D1) -> Suez AG8040F 400 FR
B8: =IF(CCRO표지!H19>=3,A6,A7) -> PF | C8: =IF(CCRO표지!H19>=3,3,A7) -> 3 | D8: =IF(CCRO표지!H19>=3,D2,D1) -> Suez AG8040F 400 FR
B9: =IF(CCRO표지!H19>=4,A6,A7) -> (-) | C9: =IF(CCRO표지!H19>=4,4,A7) -> (-) | D9: =IF(CCRO표지!H19>=4,D2,D1) -> (-)
B10: =IF(CCRO표지!H19>=5,A6,A7) -> (-) | C10: =IF(CCRO표지!H19>=5,5,A7) -> (-) | D10: =IF(CCRO표지!H19>=5,D2,D1) -> (-)
B11: =IF(CCRO표지!H19>=6,A6,A7) -> (-) | C11: =IF(CCRO표지!H19>=6,6,A7) -> (-) | D11: =IF(CCRO표지!H19>=6,D2,D1) -> (-)
A12: CC1 | B12: =IF(CCRO표지!H19>=1,A12,A7) -> CC1 | C12: =IF(CCRO표지!H19>=1,1,A7) -> 1 | D12: =IF(CCRO표지!H19>=1,D2,D1) -> Suez AG8040F 400 FR | N12: =CCRO표지!O6 -> 68.480182
B13: =IF(CCRO표지!H19>=2,A12,A7) -> CC1 | C13: =IF(CCRO표지!H19>=2,2,A7) -> 2 | D13: =IF(CCRO표지!H19>=2,D2,D1) -> Suez AG8040F 400 FR
B14: =IF(CCRO표지!H19>=3,A12,A7) -> CC1 | C14: =IF(CCRO표지!H19>=3,3,A7) -> 3 | D14: =IF(CCRO표지!H19>=3,D2,D1) -> Suez AG8040F 400 FR
B15: =IF(CCRO표지!H19>=4,A12,A7) -> (-) | C15: =IF(CCRO표지!H19>=4,4,A7) -> (-) | D15: =IF(CCRO표지!H19>=4,D2,D1) -> (-)
B16: =IF(CCRO표지!H19>=5,A12,A7) -> (-) | C16: =IF(CCRO표지!H19>=5,5,A7) -> (-) | D16: =IF(CCRO표지!H19>=5,D2,D1) -> (-)
B17: =IF(CCRO표지!H19>=6,A12,A7) -> (-) | C17: =IF(CCRO표지!H19>=6,6,A7) -> (-) | D17: =IF(CCRO표지!H19>=6,D2,D1) -> (-)
A18: CC2 | B18: =IF(CCRO표지!H19>=1,A18,A7) -> CC2 | C18: =IF(CCRO표지!H19>=1,1,A7) -> 1 | D18: =IF(CCRO표지!H19>=1,D2,D1) -> Suez AG8040F 400 FR
B19: =IF(CCRO표지!H19>=2,A18,A7) -> CC2 | C19: =IF(CCRO표지!H19>=2,2,A7) -> 2 | D19: =IF(CCRO표지!H19>=2,D2,D1) -> Suez AG8040F 400 FR
B20: =IF(CCRO표지!H19>=3,A18,A7) -> CC2 | C20: =IF(CCRO표지!H19>=3,3,A7) -> 3 | D20: =IF(CCRO표지!H19>=3,D2,D1) -> Suez AG8040F 400 FR
B21: =IF(CCRO표지!H19>=4,A18,A7) -> (-) | C21: =IF(CCRO표지!H19>=4,4,A7) -> (-) | D21: =IF(CCRO표지!H19>=4,D2,D1) -> (-)
B22: =IF(CCRO표지!H19>=5,A18,A7) -> (-) | C22: =IF(CCRO표지!H19>=5,5,A7) -> (-) | D22: =IF(CCRO표지!H19>=5,D2,D1) -> (-)
B23: =IF(CCRO표지!H19>=6,A18,A7) -> (-) | C23: =IF(CCRO표지!H19>=6,6,A7) -> (-) | D23: =IF(CCRO표지!H19>=6,D2,D1) -> (-)
A24: CC3 | B24: =IF(CCRO표지!H19>=1,A24,A7) -> CC3 | C24: =IF(CCRO표지!H19>=1,1,A7) -> 1 | D24: =IF(CCRO표지!H19>=1,D2,D1) -> Suez AG8040F 400 FR
B25: =IF(CCRO표지!H19>=2,A24,A7) -> CC3 | C25: =IF(CCRO표지!H19>=2,2,A7) -> 2 | D25: =IF(CCRO표지!H19>=2,D2,D1) -> Suez AG8040F 400 FR
B26: =IF(CCRO표지!H19>=3,A24,A7) -> CC3 | C26: =IF(CCRO표지!H19>=3,3,A7) -> 3 | D26: =IF(CCRO표지!H19>=3,D2,D1) -> Suez AG8040F 400 FR
B27: =IF(CCRO표지!H19>=4,A24,A7) -> (-) | C27: =IF(CCRO표지!H19>=4,4,A7) -> (-) | D27: =IF(CCRO표지!H19>=4,D2,D1) -> (-)
B28: =IF(CCRO표지!H19>=5,A24,A7) -> (-) | C28: =IF(CCRO표지!H19>=5,5,A7) -> (-) | D28: =IF(CCRO표지!H19>=5,D2,D1) -> (-)
B29: =IF(CCRO표지!H19>=6,A24,A7) -> (-) | C29: =IF(CCRO표지!H19>=6,6,A7) -> (-) | D29: =IF(CCRO표지!H19>=6,D2,D1) -> (-)
A30: CC4 | B30: =IF(CCRO표지!H19>=1,A30,A7) -> CC4 | C30: =IF(CCRO표지!H19>=1,1,A7) -> 1 | D30: =IF(CCRO표지!H19>=1,D2,D1) -> Suez AG8040F 400 FR
B31: =IF(CCRO표지!H19>=2,A30,A7) -> CC4 | C31: =IF(CCRO표지!H19>=2,2,A7) -> 2 | D31: =IF(CCRO표지!H19>=2,D2,D1) -> Suez AG8040F 400 FR
B32: =IF(CCRO표지!H19>=3,A30,A7) -> CC4 | C32: =IF(CCRO표지!H19>=3,3,A7) -> 3 | D32: =IF(CCRO표지!H19>=3,D2,D1) -> Suez AG8040F 400 FR
B33: =IF(CCRO표지!H19>=4,A30,A7) -> (-) | C33: =IF(CCRO표지!H19>=4,4,A7) -> (-) | D33: =IF(CCRO표지!H19>=4,D2,D1) -> (-)
B34: =IF(CCRO표지!H19>=5,A30,A7) -> (-) | C34: =IF(CCRO표지!H19>=5,5,A7) -> (-) | D34: =IF(CCRO표지!H19>=5,D2,D1) -> (-)
B35: =IF(CCRO표지!H19>=6,A30,A7) -> (-) | C35: =IF(CCRO표지!H19>=6,6,A7) -> (-) | D35: =IF(CCRO표지!H19>=6,D2,D1) -> (-)

Sheet Guide Line
B1: CCRO
B2: RO Membrane Design Guide Line
B3: Feed water Type | C3: SDI Value | D3: Average Permeate Flux (range) | F3: Lead Element Permeate Flux | H3: Concentrate Flow Rate per Vessel | K3: Feed Flow Rate per Vessel | N3: Pressure Drop per Vessel | P3: Element Recovery Rate | Q3: Beta | R3: Flux Decline Ratio | S3: Salt passge increase
C4: - | D4: LMH | E4: Gpd | F4: LMH | G4: GPD | H4: inch | I4: ㎥/hr | J4: gpm | K4: inch | L4: ㎥/hr | M4: gpm | N4: bar | O4: Psi | P4: % | Q4: - | R4: % | S4: %/a
B5: municipal Supply | C5: <5 | D5: 23 (20~26) | E5: 13.5 (12~15) | F5: <31 | G5: <18 | H5: 8 | I5: >3.6 | J5: >16 | K5: 8 | L5: <15 | M5: <66 | N5: <2.0 | O5: <29 | P5: <15 | Q5: <1.2 | R5: 13 | S5: >10
H6: 4 | I6: >0.7 | J6: >3.1 | K6: 4 | L6: <2.8 | M6: <12
A7: 낮은 | B7: Brackish Wells | C7: <3 | D7: 27 (23~29) | E7: 15.9 (14~17) | F7: <34 | G7: <20 | H7: 8 | I7: >3.0 | J7: >13 | K7: 8 | L7: <16 | M7: <70 | N7: <3.0 | O7: <43 | P7: <20 | Q7: <1.2 | R7: 10 | S7: >10
A8: 염분 | H8: 4 | I8: >0.6 | J8: >2.6 | K8: 4 | L8: <3.2 | M8: <14
B9: Surface Water media fillteration | C9: <5 | D9: 23 (20~26) | E9: 13.5 (12~15) | F9: <31 | G9: <18 | H9: 8 | I9: >3.6 | J9: >16 | K9: 8 | L9: <15 | M9: <66 | N9: <2.0 | O9: <29 | P9: <15 | Q9: <1.2 | R9: 13 | S9: >10
H10: 4 | I10: >0.7 | J10: >3.1 | K10: 4 | L10: <2.6 | M10: <12
B11: Surface Water MF/UF Filteration | C11: <3 | D11: 27 (23~29) | E11: 15.0 (14~17) | F11: <34 | G11: <20 | H11: 8 | I11: >3.0 | J11: >13 | K11: 8 | L11: <16 | M11: <70 | N11: <3.0 | O11: <43 | P11: <20 | Q11: <1.2 | R11: 10 | S11: >10
H12: 4 | I12: >0.6 | J12: >2.6 | K12: 4 | L12: <3.2 | M12: <14
B13: Secondary Waste media Filteration | C13: <5 | D13: 17 (14~20) | E13: 10 (8.2~12) | F13: <24 | G13: <14 | H13: 8 | I13: >4.1 | J13: >18 | K13: 8 | L13: <14 | M13: <61 | N13: <2.0 | O13: <29 | P13: <12 | Q13: <1.2 | R13: 18 | S13: >15
H14: 4 | I14: >0.8 | J14: >3.5 | K14: 4 | L14: <2.6 | M14: <11
B15: Secondary Waste MF/UF Filteration | C15: <3 | D15: 20 (17~23) | E15: 11.8 (10~14) | F15: <28 | G15: <16 | H15: 8 | I15: >3.6 | J15: >16 | K15: 8 | L15: <14 | M15: <61 | N15: <2.0 | O15: <29 | P15: <17 | Q15: <1.2 | R15: 15 | S15: >10
H16: 4 | I16: >0.7 | J16: >3.1 | K16: 4 | L16: <2.8 | M16: <12
B17: Seawater Intake media Filteration | C17: <5 | D17: 14 (11~17) | E17: 8.2 (6.5~10) | F17: <30 | G17: <18 | H17: 8 | I17: >3.6 | J17: >16 | K17: 8 | L17: <14 | M17: <61 | N17: <2.0 | O17: <29 | P17: <13 | Q17: <1.2 | R17: 8 | S17: >10
H18: 4 | I18: >0.7 | J18: >3.1 | K18: 4 | L18: <2.8 | M18: <12
B19: SeaWater Intake MF/UF filtertation | C19: <3 | D19: 17 (14~20) | E19: 10 (8.2~12) | F19: <35 | G19: <21 | H19: 8 | I19: >3.4 | J19: >15 | K19: 8 | L19: <16 | M19: <70 | N19: <3.0 | O19: <43 | P19: <15 | Q19: <1.2 | R19: 6 | S19: >10
H20: 4 | I20: >0.7 | J20: >3.1 | K20: 4 | L20: <3.0 | M20: <13
B21: Seawater Beach Wells | C21: <3 | D21: 17 (14~20) | E21: 10 (8.2~12) | F21: <35 | G21: <21 | H21: 8 | I21: >3.4 | J21: >15 | K21: 8 | L21: <16 | M21: <70 | N21: <3.0 | O21: <43 | P21: <15 | Q21: <1.2 | R21: 6 | S21: >10
H22: 4 | I22: ).07 | J22: >3.1 | K22: 4 | L22: <3.0 | M22: <13
B23: RO Pemeate | C23: <1 | D23: 37 (32~42) | E23: 21.8 (19~24) | F23: <48 | G23: <26 | H23: 8 | I23: >2.4 | J23: >11 | K23: 8 | L23: <17 | M23: <74 | N23: <3.0 | O23: <43 | P23: <30 | Q23: <1.3 | R23: 6 | S23: >5
H24: 4 | I24: >0.5 | J24: >2.2 | K24: 4 | L24: <3.6 | M24: <16

Sheet RO 막 비교표
C4: Element | D4: active area(m3) | E4: permeate flow rate (gpd) | F4: minimum Salt Rejection(%) | G4: Stabilized Salt Rejection(%) | H4: 비고 | I4: test condition
C5: Filmtec SOAR 4000i Element | D5: 37 | E5: 15000 | F5: 99.2 | G5: 99.4 | H5: Low Energy(저압용) | I5: 13.8bar, 25℃, pH8, 20% recovery
C6: Filmtec SOAR 5000i Element | D6: 37 | E6: 12000 | F6: 99.4 | G6: 99.7 | I6: 16.5bar, 25℃, pH8, 20% recovery
C7: Filmtec SOAR 6000i Element | D7: 41 | E7: 24000 | F7: 99.55 | G7: 99.7 | I7: 27.58bar, 25℃, pH8, 25% recovery
C8: Filmtec SOAR 7000i Element | D8: 41 | E8: 12500 | F8: 99.6 | G8: 99.8 | I8: 27.58bar, 25℃, pH8, 25% recovery
C9: AG8040F 400 FR,34 | D9: 37.2 | E9: 11000 | F9: 99 | G9: 99.5 | H9: 현재 사용막 | I9: 15.5bar, 20℃, pH7.5, 15% recovery
C10: Fiilmtec BW30FR-400/34 Element | D10: 37 | E10: 11000 | F10: 99.35 | G10: 99.5 | H10: wave 막 중 현재 사용막과 가장 유사한 막 | I10: 15.5bar, 25℃, pH8, 15% recovery
C11: AG-440 | D11: 40.9 | E11: 12000 | F11: 99.3 | G11: 99.8 | I11: 15.5bar, 25℃, pH7, 15% recovery
C12: LEWABRANE RO B400 FR ASD | D12: 37.2 | E12: 11000 | F12: 99.3 | G12: 99.7 | I12: 15.5bar, 25℃, pH7, 15% recovery
C13: LG BW 440 R G2 | D13: 41 | E13: 12650 | F13: 99.65 | G13: 99.8 | I13: 15.5bar, 25℃, pH7, 15% recovery

Sheet 용량 계산
P2: CC | Q2: PF
B3: element | C3: permeat | E3: recovery | H3: 효율 | I3: Qin | J3: permeat | K3: Concent | M3: el 필요수 | O3: Q in | P3: permeat | Q3: concent | S3: CFSTR
B4: ASD | C4: 41.5 | D4: ㎥/day | E4: 15 | F4: % | H4: 85 | I4: 2.035 | J4: 1.73 | K4: 0.305 | M4: 11.673 | O4: =I4*M4 -> 23.754555 | P4: =J4*M4 -> 20.19429 | Q4: =K4*M4 -> 3.560265
C5: =C4/24 -> 1.7291667 | D5: ㎥/hr | H5: 90 | I5: 1.922 | J5: 1.73 | K5: 0.192 | M5: 14.17 | O5: =I5*M5 -> 27.23474 | P5: =J5*M5 -> 24.5141 | Q5: =K5*M5 -> 2.72064
H6: 95 | I6: 1.82 | J6: 1.73 | K6: 0.09 | M6: 18.43 | O6: =I6*M6 -> 33.5426 | P6: =J6*M6 -> 31.8839 | Q6: =K6*M6 -> 1.6587
S13: Batch
